Company,State
"ZX INTERNATIONAL","DELHI"
"ZUNROOF TECH PRIVATE LIMITED","HARYANA"
"ZTE TELECOM INDIA PVT. LTD.","HARYANA"
"ZT Systems India Private Limited","MAHARASHTRA"
"ZOSHAB INTERNATIONAL POWER TOOLS LLP","MAHARASHTRA"
"ZOLL MEDICAL INDIA PRIVATE LIMITED","DELHI"
"ZOHER ALI MOIYADI","MAHARASHTRA"
"Zivov Technologies Private Limited","DELHI"
"Zimmer India Private Limited","HARYANA"
"ZENCONTROL PRIVATE LIMITED","HARYANA"
"ZELIO E MOBILITY LIMITED","HARYANA"
"ZELIO AUTO PRIVATE LIMITED","HARYANA"
"ZELIO AUTO COMPONENTS LIMITED","HARYANA"
"ZAVERCHAND SPORTS PVT LTD","MAHARASHTRA"
"ZAF OVERSEAS LLP","MAHARASHTRA"
"YUVRAAJ HYGIENE PRODUCT LIMITED","MAHARASHTRA"
"YUKIE MOTORS PVT LTD","HARYANA"
"YUEV INNOVATIONS PRIVATE LIMITED","MAHARASHTRA"
"Yu beauty and wellness LLP","HARYANA"
"YOGESH SACHDEVA","DELHI"
"YO DIGITALS PRIVATE LIMITED","MAHARASHTRA"
"YMB TESTING AND COMPLIANCE INDIA (OPC) PRIVATE LIMITED","DELHI"
"YESHWANT AMBADAS KOLI","MAHARASHTRA"
"YASHWANT MITTAL","HARYANA"
"YASHASVI TECHNOLOGY PRIVATE LIMITED","DELHI"
"YAFFA ENTERPRISES","DELHI"
"YADEA TECHNOLOGY PRIVATE LIMITED","HARYANA"
"YAD AGRO VENTURE","MAHARASHTRA"
"Y8 Space Consumer Private Limited","MAHARASHTRA"
"XWLS Electric Private Limited","DELHI"
"XOUND TECHNOLOGY PRIVATE LIMITED","DELHI"
"XOR TECHNOLOGIES LLP","DELHI"
"XNRGI INDIA PRIVATE LIMITED","MAHARASHTRA"
"XEGAL INDIA PRIVATE LIMITED","DELHI"
"WROLEY E INDIA PRIVATE LIMITED","DELHI"
"WRIDDHISH SMART VEHICLE LLP","DELHI"
"WPG C&C COMPUTERS AND PERIPHERAL (INDIA) PRIVATE LIMITED","DELHI"
"WORLDLINE INDIA PRIVATE LIMITED","MAHARASHTRA"
"WORLD TRADING COMPANY","MAHARASHTRA"
"WORLD COURIER (INDIA) PRIVATE LIMITED","DELHI"
"WORK STORE PRIVATE LIMITED","MAHARASHTRA"
"WIZBRO VENTURES PRIVATE LIMITED","DELHI"
"WISHTEL PRIVATE LIMITED","MAHARASHTRA"
"WIRTGEN INDIA PRIVATE LIMITED","MAHARASHTRA"
"Wipro PARI Robotics Private Limited","MAHARASHTRA"
"WIPRO PARI PRIVATE LIMITED","MAHARASHTRA"
"Wipro Ltd","MAHARASHTRA"
"Wipro Limited","HARYANA"
"WINSTON ELECTRONICS PRIVATE LIMITED","HARYANA"
"WINSTON ELECTRONICS PRIVATE LIMITED","HARYANA"
"WINK LIFESTYLES PRIVATE LIMITED","MAHARASHTRA"
